{

	"display": {
		"thirdperson_righthand": {
			"scale": [0.3, 0.3, 0.3],
			"rotation": [45, 0, 0],
			"translation": [0, 0.5, -3]
		},
		"thirdperson_lefthand": {
			"scale": [0.3, 0.3, 0.3],
			"rotation": [45, 0, 0],
			"translation": [0, 0.5, -3]
		},
		"firstperson_righthand": {
			"scale": [
				0.30000000000000004,
				0.30000000000000004,
				0.30000000000000004
			],
			"rotation": [13, 7, 9],
			"translation": [2, 0, 0]
		},
		"firstperson_lefthand": {
			"scale": [
				0.30000000000000004,
				0.30000000000000004,
				0.30000000000000004
			],
			"rotation": [13, 7, 9],
			"translation": [2, 0, 0]
		},
		"ground": {
			"scale": [
				0.15000000000000002,
				0.15000000000000002,
				0.15000000000000002
			],
			"translation": [0, 3, 0]
		},
		"fixed": {
			"scale": [0.375, 0.375, 0.375],
			"rotation": [-90, 0, 0],
			"translation": [0, -1.5, 0.5]
		},
		"gui": {
			"scale": [0.4, 0.4, 0.4],
			"rotation": [30, -34, 0],
			"translation": [0, -1.5, 0]
		}
	}
}