{
"display": {
		"thirdperson_righthand": {
			"scale": [
				0.44999999999999996,
				0.44999999999999996,
				0.44999999999999996
			],
			"rotation": [67.5, 90, 0],
			"translation": [0, -2, -3]
		},
		"thirdperson_lefthand": {
			"scale": [
				0.44999999999999996,
				0.44999999999999996,
				0.44999999999999996
			],
			"rotation": [67.5, 90, 0],
			"translation": [0, -2, -3]
		},
		"firstperson_righthand": {
			"scale": [0.65, 0.65, 0.65],
			"rotation": [3, 44, 0],
			"translation": [2, 0.5, 0]
		},
		"firstperson_lefthand": {
			"scale": [0.65, 0.65, 0.65],
			"rotation": [3, 44, 0],
			"translation": [2, 0.5, 0]
		},
		"ground": {
			"scale": [0.5, 0.5, 0.5],
			"translation": [0, 2, 0]
		},
		"fixed": {
			"rotation": [0, -90, 35],
			"translation": [0, -1, -1],
			"scale": [0.95, 0.95, 0.95]
		},
		"gui": {
			"scale": [1.15, 1, 1.15],
			"rotation": [30, 45, 0],
			"translation": [-1, -1, 0]
		}
	}
	
	}