{

	"display": {
		"thirdperson_righthand": {
			"scale": [0.375, 0.375, 0.375],
			"translation": [2.5, -3, 0],
			"rotation": [0, 0, 0]
		},
		"thirdperson_lefthand": {
			"scale": [0.375, 0.375, 0.375],
			"rotation": [0, 0, 0],
			"translation": [-2.5, -3, 0]
		},
		"firstperson_righthand": {
			"scale": [0.375, 0.375, 0.375],
			"rotation": [-25, 16, 0],
			"translation": [5.5, -1, -0.5]
		},
		"firstperson_lefthand": {
			"scale": [0.375, 0.375, 0.375],
			"rotation": [-25, 16, 0],
			"translation": [2, -1, 0]
		},
		"head": {
			"scale": [1, 1, 1],
			"translation": [6.5, 0, 0]
		},
		"ground": {
			"scale": [
				0.22499999999999998,
				0.22499999999999998,
				0.22499999999999998
			],
			"translation": [1.5, 3, 0]
		},
		"fixed": {
			"scale": [0.4, 0.4, 0.4],
			"rotation": [0, 90, 0],
			"translation": [0, -3.5, -3]
		},
		"gui": {
			"scale": [
				0.44999999999999996,
				0.44999999999999996,
				0.44999999999999996
			],
			"rotation": [30, -60, 0],
			"translation": [1.5, -4.5, 0]
		}
	}
	
	}