{
	
	"display": {
		"thirdperson_righthand": {
			"scale": [
				0.44999999999999996,
				0.44999999999999996,
				0.44999999999999996
			],
			"translation": [0, 1, 3.5],
			"rotation": [90, 0, 0]
		},
		"ground": {
			"scale": [0.4, 0.4, 0.4],
			"translation": [0, 4, 0]
		},
		"head": {"scale": [1, 1, 1], "rotation": [0, 0, 0]},
		"fixed": {
			"scale": [0.9, 0.9, 0.9],
			"rotation": [-90, 0, 0],
			"translation": [0, 0, -7]
		},
		"gui": {
			"scale": [1, 1, 1],
			"rotation": [60, 0, 0],
			"translation": [0, 3, 0]
		},
		"firstperson_lefthand": {
			"scale": [0.55, 0.55, 0.55],
			"translation": [2.5, 6, 0],
			"rotation": [22, 4, 12]
		},
		"firstperson_righthand": {
			"scale": [0.55, 0.55, 0.55],
			"translation": [2.5, 6, 0],
			"rotation": [22, 4, 12]
		},
		"thirdperson_lefthand": {
			"scale": [
				0.44999999999999996,
				0.44999999999999996,
				0.44999999999999996
			],
			"rotation": [90, 0, 0],
			"translation": [0, 1, 3.5]
		}
	}
}