{
"display": {
		"thirdperson_righthand": {
			"scale": [
				0.44999999999999996,
				0.44999999999999996,
				0.44999999999999996
			],
			"translation": [0, 2.5, 0]
		},
		"thirdperson_lefthand": {
			"scale": [
				0.44999999999999996,
				0.44999999999999996,
				0.44999999999999996
			],
			"rotation": [0, 0, 0],
			"translation": [0, 2.5, 0]
		},
		"firstperson_righthand": {
			"scale": [0.5, 0.5, 0.5],
			"rotation": [-13, 108, 0],
			"translation": [2.5, 3.5, 0]
		},
		"firstperson_lefthand": {
			"scale": [0.5, 0.5, 0.5],
			"rotation": [-13, 108, 0],
			"translation": [3, 3, 0]
		},
		"ground": {
			"scale": [
				0.30000000000000004,
				0.30000000000000004,
				0.30000000000000004
			],
			"translation": [0, 3.5, 0]
		},
		"fixed": {
			"scale": [1, 1, 1],
			"translation": [0.5, 0.5, 0]
		},
		"gui": {
			"scale": [0.89, 0.89, 0.89],
			"translation": [0, 0.5, 0],
			"rotation": [20, 133, 0]
		}
	}
	
	}