{
"display": {
		"head": {
			"scale": [1, 1, 1],
			"translation": [0, 0, 0]
		},
		"thirdperson_righthand": {
			"scale": [
				0.44999999999999996,
				0.44999999999999996,
				0.44999999999999996
			],
			"rotation": [64, 0, 0],
			"translation": [0, 2, -1]
		},
		"thirdperson_lefthand": {
			"scale": [
				0.44999999999999996,
				0.44999999999999996,
				0.44999999999999996
			],
			"rotation": [64, 0, 0],
			"translation": [0, 2, -1]
		},
		"firstperson_righthand": {
			"scale": [0.575, 0.575, 0.575],
			"rotation": [-9, 126, -12],
			"translation": [2.5, 2.5, 0]
		},
		"firstperson_lefthand": {
			"scale": [0.575, 0.575, 0.575],
			"rotation": [-9, 126, -12],
			"translation": [2.5, 2.5, 0]
		},
		"fixed": {
			"scale": [1.225, 1.225, 1.225],
			"translation": [0, 0.5, 2]
		},
		"ground": {
			"scale": [0.375, 0.375, 0.375],
			"translation": [0, 4, 0]
		},
		"gui": {
			"scale": [1.0, 1.0, 1.0],
			"rotation": [30, 153, 0],
			"translation": [0, 0.5, 0]
		}
	}
	}