{
"display": {
		"thirdperson_righthand": {
			"scale": [
				0.42500000000000004,
				0.42500000000000004,
				0.42500000000000004
			],
			"rotation": [44, 0, 0],
			"translation": [0, 0.5, -1]
		},
		"thirdperson_lefthand": {
			"scale": [
				0.42500000000000004,
				0.42500000000000004,
				0.42500000000000004
			],
			"rotation": [44, 0, 0],
			"translation": [0, 0.5, -1]
		},
		"firstperson_righthand": {
			"rotation": [1, -12, 0],
			"scale": [0.5, 0.5, 0.5],
			"translation": [2, 1.5, 0]
		},
		"firstperson_lefthand": {
			"scale": [0.5, 0.5, 0.5],
			"rotation": [1, -12, 0],
			"translation": [2, 1.5, 0]
		},
		"ground": {
			"scale": [0.375, 0.375, 0.375],
			"translation": [0, 3, 0]
		},
		"gui": {
			"scale": [0.9, 0.9, 0.9],
			"rotation": [30, 153, 0],
			"translation": [0, -0.5, 0.5]
		},
		"fixed": {
			"scale": [0.95, 0.95, 0.95],
			"translation": [0, -0.5, 0]
		}
	}
	}