{
	
	
"display": {
		"thirdperson_righthand": {
			"scale": [0.25, 0.25, 0.25],
			"rotation": [90, 0, 0],
			"translation": [0, 1, 0]
		},
		"thirdperson_lefthand": {
			"scale": [0.25, 0.25, 0.25],
			"rotation": [90, 0, 0],
			"translation": [0, 1, 0]
		},
		"firstperson_righthand": {
			"scale": [
				0.42500000000000004,
				0.42500000000000004,
				0.42500000000000004
			],
			"rotation": [19, 0, 18],
			"translation": [2, 2, 0]
		},
		"firstperson_lefthand": {
			"scale": [
				0.42500000000000004,
				0.42500000000000004,
				0.42500000000000004
			],
			"rotation": [19, 0, 18],
			"translation": [2, 2, 0]
		},
		"ground": {
			"scale": [0.35, 0.35, 0.35],
			"translation": [0, 3.5, 0]
		},
		"fixed": {
			"scale": [0.85, 0.85, 0.85],
			"rotation": [90, 0, 0]
		},
		"gui": {
			"scale": [0.85, 0.85, 0.85],
			"rotation": [37, 29, 10]
		}
	}
}